   metrics/precision,      metrics/recall,     metrics/mAP_0.5,metrics/mAP_0.5:0.95,        val/box_loss,        val/obj_loss,        val/cls_loss,                 lr0,                 lrf,            momentum,        weight_decay,       warmup_epochs,     warmup_momentum,      warmup_bias_lr,                 box,                 cls,              cls_pw,                 obj,              obj_pw,               iou_t,            anchor_t,            fl_gamma,               hsv_h,               hsv_s,               hsv_v,             degrees,           translate,               scale,               shear,         perspective,              flipud,              fliplr,              mosaic,               mixup,          copy_paste,             anchors
            0.012229,             0.94823,            0.046317,            0.029685,            0.025431,            0.018242,             0.10325,                0.01,                0.01,               0.937,              0.0005,                   3,                 0.8,                 0.1,                0.05,                 0.5,                   1,                   1,                   1,                 0.2,                   4,                   0,               0.015,                 0.7,                 0.4,                   0,                 0.1,                 0.5,                   0,                   0,                   0,                 0.5,                   1,                   0,                   0,                   3
            0.011202,             0.92778,             0.03888,            0.023525,            0.027334,             0.02399,              0.1027,             0.01113,             0.01038,              0.9466,              0.0005,              3.1037,             0.82438,             0.08948,             0.05181,             0.52353,             0.93941,             0.96631,              1.0066,                 0.2,              4.0806,                   0,             0.01364,                 0.7,             0.46911,                   0,             0.09147,                 0.5,                   0,                   0,                   0,                 0.5,                   1,                   0,                   0,                   3
            0.012128,             0.94516,            0.043917,             0.02701,            0.019811,            0.017537,             0.10361,             0.01141,             0.01051,             0.95545,             0.00047,              3.1561,             0.82833,             0.08561,             0.04273,             0.47966,              1.0915,               1.031,                   1,                 0.2,              3.1413,                   0,             0.01504,             0.76139,             0.36931,                   0,             0.09107,             0.57749,                   0,                   0,                   0,                 0.5,                   1,                   0,                   0,              2.5912
            0.010174,             0.95613,            0.042011,            0.025714,            0.023986,            0.018845,             0.11072,              0.0085,                0.01,                0.98,             0.00044,                   3,             0.91275,                 0.1,             0.05357,             0.54792,                   1,                   1,                   1,                 0.2,               2.961,                   0,             0.01364,              0.6714,              0.4042,                   0,             0.08369,             0.40463,                   0,                   0,                   0,                 0.5,             0.99407,                   0,                   0,                   3
             0.01094,              0.9329,            0.047283,            0.029737,            0.022139,            0.016068,             0.10738,              0.0085,             0.01055,                0.98,             0.00047,              3.9189,             0.75986,             0.08753,             0.04685,             0.53467,                   1,             0.99527,             0.93536,                 0.2,               2.961,                   0,             0.01258,             0.63836,             0.54759,                   0,             0.10739,              0.2889,                   0,                   0,                   0,                 0.5,             0.93731,                   0,                   0,                   3
           0.0097194,              0.9467,            0.038899,            0.023469,            0.025687,            0.019809,             0.11034,             0.01041,                0.01,               0.937,             0.00049,              2.8475,             0.82588,             0.12338,             0.04914,             0.50371,              1.0843,              1.0319,              1.0014,                 0.2,              4.8108,                   0,             0.01425,             0.57728,             0.37428,                   0,             0.11861,             0.41856,                   0,                   0,                   0,                 0.5,                   1,                   0,                   0,              2.1567
            0.013332,             0.92778,              0.0513,            0.030797,            0.014716,            0.014331,             0.14728,             0.00878,             0.01191,                0.98,             0.00047,              4.0047,             0.71428,             0.10088,             0.03032,             0.53467,              1.4806,             0.85607,             0.93536,                 0.2,              3.4938,                   0,             0.01297,             0.68962,             0.59337,                   0,             0.11811,             0.35226,                   0,                   0,                   0,                 0.5,             0.88499,                   0,                   0,              3.8078
            0.011598,             0.94382,            0.048399,            0.030557,            0.021323,            0.015189,             0.10305,             0.00823,             0.01037,                0.98,             0.00048,              4.0903,             0.77947,             0.08001,             0.04685,              0.5284,             0.96373,              1.0205,             0.89565,                 0.2,              3.0068,                   0,             0.01258,               0.665,             0.54247,                   0,             0.09735,              0.2889,                   0,                   0,                   0,                 0.5,             0.89689,                   0,                   0,              3.2676
            0.017588,             0.74501,            0.048771,            0.029776,            0.022016,            0.015666,             0.11215,              0.0098,             0.01051,                0.98,             0.00048,              4.1344,             0.76519,             0.08585,             0.04526,             0.55364,              1.0137,              1.0164,             0.91547,                 0.2,               2.961,                   0,             0.01157,             0.61189,             0.53319,                   0,             0.10116,              0.2889,                   0,                   0,                   0,                 0.5,             0.93593,                   0,                   0,                   3
             0.34769,            0.085359,            0.053268,            0.031202,            0.016043,            0.013061,             0.15017,              0.0087,             0.01236,                0.98,             0.00049,              4.0047,             0.71428,             0.10209,             0.03328,             0.56975,              1.4206,             0.85607,             0.84047,                 0.2,              3.1175,                   0,             0.01316,             0.68962,             0.59337,                   0,             0.11811,             0.35226,                   0,                   0,                   0,                 0.5,             0.91958,                   0,                   0,              3.5689
