               epoch,      train/box_loss,      train/obj_loss,      train/cls_loss,   metrics/precision,      metrics/recall,     metrics/mAP_0.5,metrics/mAP_0.5:0.95,        val/box_loss,        val/obj_loss,        val/cls_loss,               x/lr0,               x/lr1,               x/lr2
                   0,             0.05684,            0.038251,             0.10799,                   0,                   0,                   0,                   0,                   0,                   0,                   0,            0.070003,            0.003333,            0.003333
                   1,            0.043809,            0.037025,             0.10681,                   0,                   0,                   0,                   0,                   0,                   0,                   0,            0.039343,           0.0060064,           0.0060064
                   2,            0.038504,            0.035911,             0.10622,                   0,                   0,                   0,                   0,                   0,                   0,                   0,           0.0080227,           0.0080198,           0.0080198
                   3,            0.035526,            0.034608,             0.10579,                   0,                   0,                   0,                   0,                   0,                   0,                   0,             0.00703,             0.00703,             0.00703
                   4,            0.033319,             0.03381,             0.10561,                   0,                   0,                   0,                   0,                   0,                   0,                   0,             0.00703,             0.00703,             0.00703
                   5,            0.031125,            0.032581,             0.10534,                   0,                   0,                   0,                   0,                   0,                   0,                   0,             0.00604,             0.00604,             0.00604
                   6,            0.030028,            0.032011,             0.10542,                   0,                   0,                   0,                   0,                   0,                   0,                   0,             0.00505,             0.00505,             0.00505
                   7,            0.028631,            0.031207,             0.10518,                   0,                   0,                   0,                   0,                   0,                   0,                   0,             0.00406,             0.00406,             0.00406
                   8,            0.027077,            0.030502,              0.1054,                   0,                   0,                   0,                   0,                   0,                   0,                   0,             0.00307,             0.00307,             0.00307
                   9,            0.026094,            0.029761,             0.10487,            0.012229,             0.94823,            0.046317,            0.029685,            0.025431,            0.018242,             0.10325,             0.00208,             0.00208,             0.00208
                   0,             0.06009,            0.037985,              0.1074,                   0,                   0,                   0,                   0,                   0,                   0,                   0,            0.064238,           0.0035858,           0.0035858
                   1,            0.048867,             0.03711,             0.10626,                   0,                   0,                   0,                   0,                   0,                   0,                   0,            0.038284,           0.0064621,           0.0064621
                   2,             0.04274,            0.035089,             0.10573,                   0,                   0,                   0,                   0,                   0,                   0,                   0,             0.01162,           0.0086287,           0.0086287
                   3,            0.039504,            0.033887,             0.10527,                   0,                   0,                   0,                   0,                   0,                   0,                   0,           0.0078257,           0.0078257,           0.0078257
                   4,            0.036344,            0.033383,             0.10498,                   0,                   0,                   0,                   0,                   0,                   0,                   0,           0.0078257,           0.0078257,           0.0078257
                   5,            0.033888,            0.032253,             0.10483,                   0,                   0,                   0,                   0,                   0,                   0,                   0,           0.0067242,           0.0067242,           0.0067242
                   6,            0.032113,            0.031687,             0.10485,                   0,                   0,                   0,                   0,                   0,                   0,                   0,           0.0056228,           0.0056228,           0.0056228
                   7,             0.03064,             0.03103,             0.10458,                   0,                   0,                   0,                   0,                   0,                   0,                   0,           0.0045213,           0.0045213,           0.0045213
                   8,            0.029303,            0.030384,             0.10476,                   0,                   0,                   0,                   0,                   0,                   0,                   0,           0.0034199,           0.0034199,           0.0034199
                   9,            0.027955,            0.029617,             0.10429,            0.011202,             0.92778,             0.03888,            0.023525,            0.027334,             0.02399,              0.1027,           0.0023184,           0.0023184,           0.0023184
                   0,            0.046511,            0.034884,             0.10552,                   0,                   0,                   0,                   0,                   0,                   0,                   0,            0.062102,           0.0036149,           0.0036149
                   1,             0.03747,            0.033618,             0.10422,                   0,                   0,                   0,                   0,                   0,                   0,                   0,            0.037877,           0.0065146,           0.0065146
                   2,            0.033056,            0.032067,             0.10382,                   0,                   0,                   0,                   0,                   0,                   0,                   0,            0.012937,            0.008699,            0.008699
                   3,            0.029995,            0.030641,             0.10334,                   0,                   0,                   0,                   0,                   0,                   0,                   0,            0.008023,            0.008023,            0.008023
                   4,             0.02776,            0.029846,             0.10307,                   0,                   0,                   0,                   0,                   0,                   0,                   0,            0.008023,            0.008023,            0.008023
                   5,            0.025467,            0.028762,             0.10263,                   0,                   0,                   0,                   0,                   0,                   0,                   0,            0.006894,            0.006894,            0.006894
                   6,            0.024142,            0.028165,             0.10267,                   0,                   0,                   0,                   0,                   0,                   0,                   0,            0.005765,            0.005765,            0.005765
                   7,            0.022762,            0.027316,             0.10256,                   0,                   0,                   0,                   0,                   0,                   0,                   0,            0.004636,            0.004636,            0.004636
                   8,            0.021397,            0.026609,             0.10268,                   0,                   0,                   0,                   0,                   0,                   0,                   0,           0.0035069,           0.0035069,           0.0035069
                   9,            0.020392,            0.025841,               0.102,            0.012128,             0.94516,            0.043917,             0.02701,            0.019811,            0.017537,             0.10361,           0.0023779,           0.0023779,           0.0023779
                   0,            0.051445,            0.033246,             0.11389,                   0,                   0,                   0,                   0,                   0,                   0,                   0,            0.069503,           0.0028331,           0.0028331
                   1,            0.040844,            0.031172,             0.11223,                   0,                   0,                   0,                   0,                   0,                   0,                   0,            0.038442,           0.0051054,           0.0051054
                   2,            0.035912,            0.030089,             0.11187,                   0,                   0,                   0,                   0,                   0,                   0,                   0,           0.0068197,           0.0068168,           0.0068168
                   3,            0.032993,            0.029025,             0.11092,                   0,                   0,                   0,                   0,                   0,                   0,                   0,           0.0059755,           0.0059755,           0.0059755
                   4,             0.03143,            0.028329,             0.11118,                   0,                   0,                   0,                   0,                   0,                   0,                   0,           0.0059755,           0.0059755,           0.0059755
                   5,            0.029196,            0.027345,             0.11102,                   0,                   0,                   0,                   0,                   0,                   0,                   0,            0.005134,            0.005134,            0.005134
                   6,            0.027888,            0.026577,              0.1112,                   0,                   0,                   0,                   0,                   0,                   0,                   0,           0.0042925,           0.0042925,           0.0042925
                   7,             0.02665,            0.025874,              0.1108,                   0,                   0,                   0,                   0,                   0,                   0,                   0,            0.003451,            0.003451,            0.003451
                   8,            0.025474,            0.025233,             0.11075,                   0,                   0,                   0,                   0,                   0,                   0,                   0,           0.0026095,           0.0026095,           0.0026095
                   9,            0.023955,             0.02441,             0.11023,            0.010174,             0.95613,            0.042011,            0.025714,            0.023986,            0.018845,             0.11072,            0.001768,            0.001768,            0.001768
                   0,            0.045517,            0.031244,             0.11172,                   0,                   0,                   0,                   0,                   0,                   0,                   0,            0.067366,           0.0021688,           0.0021688
                   1,            0.037168,            0.030512,             0.11064,                   0,                   0,                   0,                   0,                   0,                   0,                   0,             0.04677,           0.0039085,           0.0039085
                   2,            0.032547,            0.028597,             0.10939,                   0,                   0,                   0,                   0,                   0,                   0,                   0,            0.025746,           0.0052191,           0.0052191
                   3,            0.029594,            0.027367,             0.10882,                   0,                   0,                   0,                   0,                   0,                   0,                   0,           0.0059769,           0.0059769,           0.0059769
                   4,            0.028621,            0.026359,               0.109,                   0,                   0,                   0,                   0,                   0,                   0,                   0,           0.0059769,           0.0059769,           0.0059769
                   5,            0.026452,            0.025339,             0.10857,                   0,                   0,                   0,                   0,                   0,                   0,                   0,           0.0051359,           0.0051359,           0.0051359
                   6,            0.024998,            0.024655,             0.10884,                   0,                   0,                   0,                   0,                   0,                   0,                   0,           0.0042948,           0.0042948,           0.0042948
                   7,            0.024524,            0.024126,             0.10823,                   0,                   0,                   0,                   0,                   0,                   0,                   0,           0.0034538,           0.0034538,           0.0034538
                   8,            0.023329,             0.02364,             0.10818,                   0,                   0,                   0,                   0,                   0,                   0,                   0,           0.0026128,           0.0026128,           0.0026128
                   9,            0.022048,            0.023042,             0.10817,             0.01094,              0.9329,            0.047283,            0.029737,            0.022139,            0.016068,             0.10738,           0.0017717,           0.0017717,           0.0017717
                   0,            0.058269,            0.041417,             0.11751,                   0,                   0,                   0,                   0,                   0,                   0,                   0,            0.083709,           0.0036556,           0.0036556
                   1,            0.045928,            0.041686,             0.11624,                   0,                   0,                   0,                   0,                   0,                   0,                   0,            0.043311,           0.0065877,           0.0065877
                   2,             0.04016,            0.040322,             0.11543,                   0,                   0,                   0,                   0,                   0,                   0,                   0,           0.0083488,           0.0083488,           0.0083488
                   3,            0.036896,            0.038549,             0.11504,                   0,                   0,                   0,                   0,                   0,                   0,                   0,           0.0083488,           0.0083488,           0.0083488
                   4,            0.034183,            0.037487,             0.11467,                   0,                   0,                   0,                   0,                   0,                   0,                   0,           0.0073182,           0.0073182,           0.0073182
                   5,            0.032173,            0.036107,             0.11447,                   0,                   0,                   0,                   0,                   0,                   0,                   0,           0.0062876,           0.0062876,           0.0062876
                   6,            0.030992,            0.035538,             0.11455,                   0,                   0,                   0,                   0,                   0,                   0,                   0,           0.0052571,           0.0052571,           0.0052571
                   7,            0.029815,            0.034855,             0.11424,                   0,                   0,                   0,                   0,                   0,                   0,                   0,           0.0042265,           0.0042265,           0.0042265
                   8,            0.028191,            0.034005,             0.11439,                   0,                   0,                   0,                   0,                   0,                   0,                   0,           0.0031959,           0.0031959,           0.0031959
                   9,            0.027047,            0.033063,             0.11382,           0.0097194,              0.9467,            0.038899,            0.023469,            0.025687,            0.019809,             0.11034,           0.0021653,           0.0021653,           0.0021653
                   0,            0.031018,            0.027422,             0.15543,                   0,                   0,                   0,                   0,                   0,                   0,                   0,            0.077884,           0.0021922,           0.0021922
                   1,            0.025234,            0.026504,              0.1539,                   0,                   0,                   0,                   0,                   0,                   0,                   0,            0.054453,           0.0039514,           0.0039514
                   2,            0.022832,            0.025384,             0.15317,                   0,                   0,                   0,                   0,                   0,                   0,                   0,            0.030588,           0.0052773,           0.0052773
                   3,            0.021028,            0.024639,             0.15178,                   0,                   0,                   0,                   0,                   0,                   0,                   0,           0.0062904,             0.00617,             0.00617
                   4,            0.019809,            0.023867,             0.15177,                   0,                   0,                   0,                   0,                   0,                   0,                   0,           0.0053098,           0.0053098,           0.0053098
                   5,            0.018576,            0.023068,             0.15098,                   0,                   0,                   0,                   0,                   0,                   0,                   0,           0.0053098,           0.0053098,           0.0053098
                   6,            0.018015,            0.022523,             0.15055,                   0,                   0,                   0,                   0,                   0,                   0,                   0,           0.0044423,           0.0044423,           0.0044423
                   7,             0.01685,            0.021822,             0.15019,                   0,                   0,                   0,                   0,                   0,                   0,                   0,           0.0035747,           0.0035747,           0.0035747
                   8,            0.016215,            0.021644,             0.14983,                   0,                   0,                   0,                   0,                   0,                   0,                   0,           0.0027072,           0.0027072,           0.0027072
                   9,            0.015612,            0.021183,              0.1488,            0.013332,             0.92778,              0.0513,            0.030797,            0.014716,            0.014331,             0.14728,           0.0018397,           0.0018397,           0.0018397
                   0,            0.044818,            0.029827,             0.10692,                   0,                   0,                   0,                   0,                   0,                   0,                   0,            0.062463,           0.0020119,           0.0020119
                   1,            0.036238,            0.028452,             0.10581,                   0,                   0,                   0,                   0,                   0,                   0,                   0,            0.044515,           0.0036258,           0.0036258
                   2,            0.032882,            0.027212,             0.10579,                   0,                   0,                   0,                   0,                   0,                   0,                   0,             0.02617,           0.0048414,           0.0048414
                   3,             0.02963,            0.025887,             0.10442,                   0,                   0,                   0,                   0,                   0,                   0,                   0,           0.0074264,           0.0056588,           0.0056588
                   4,            0.027892,            0.024976,              0.1044,                   0,                   0,                   0,                   0,                   0,                   0,                   0,           0.0049721,           0.0049721,           0.0049721
                   5,              0.0266,            0.024415,             0.10399,                   0,                   0,                   0,                   0,                   0,                   0,                   0,           0.0049721,           0.0049721,           0.0049721
                   6,             0.02537,            0.023719,             0.10413,                   0,                   0,                   0,                   0,                   0,                   0,                   0,           0.0041577,           0.0041577,           0.0041577
                   7,            0.023653,            0.023087,              0.1034,                   0,                   0,                   0,                   0,                   0,                   0,                   0,           0.0033432,           0.0033432,           0.0033432
                   8,            0.022423,            0.022643,             0.10356,                   0,                   0,                   0,                   0,                   0,                   0,                   0,           0.0025287,           0.0025287,           0.0025287
                   9,            0.021444,            0.022025,             0.10338,            0.011598,             0.94382,            0.048399,            0.030557,            0.021323,            0.015189,             0.10305,           0.0017143,           0.0017143,           0.0017143
                   0,            0.044679,            0.030826,             0.11663,                   0,                   0,                   0,                   0,                   0,                   0,                   0,            0.067457,           0.0023701,           0.0023701
                   1,            0.036389,            0.030316,             0.11583,                   0,                   0,                   0,                   0,                   0,                   0,                   0,            0.048594,           0.0042714,           0.0042714
                   2,            0.032369,            0.028823,             0.11535,                   0,                   0,                   0,                   0,                   0,                   0,                   0,            0.029261,           0.0057036,           0.0057036
                   3,            0.029981,             0.02768,             0.11451,                   0,                   0,                   0,                   0,                   0,                   0,                   0,           0.0094596,           0.0066667,           0.0066667
                   4,            0.028116,            0.026593,             0.11406,                   0,                   0,                   0,                   0,                   0,                   0,                   0,           0.0059212,           0.0059212,           0.0059212
                   5,            0.026933,            0.025917,             0.11359,                   0,                   0,                   0,                   0,                   0,                   0,                   0,           0.0059212,           0.0059212,           0.0059212
                   6,            0.025813,            0.025127,             0.11382,                   0,                   0,                   0,                   0,                   0,                   0,                   0,           0.0049515,           0.0049515,           0.0049515
                   7,            0.024256,             0.02462,             0.11284,                   0,                   0,                   0,                   0,                   0,                   0,                   0,           0.0039818,           0.0039818,           0.0039818
                   8,            0.023522,            0.024213,             0.11329,                   0,                   0,                   0,                   0,                   0,                   0,                   0,           0.0030121,           0.0030121,           0.0030121
                   9,            0.022333,            0.023594,              0.1131,            0.017588,             0.74501,            0.048771,            0.029776,            0.022016,            0.015666,             0.11215,           0.0020424,           0.0020424,           0.0020424
                   0,            0.033578,            0.024865,             0.15885,                   0,                   0,                   0,                   0,                   0,                   0,                   0,            0.078772,           0.0021723,           0.0021723
                   1,             0.02719,              0.0237,             0.15639,                   0,                   0,                   0,                   0,                   0,                   0,                   0,            0.055023,           0.0039156,           0.0039156
                   2,            0.023973,            0.022234,             0.15531,                   0,                   0,                   0,                   0,                   0,                   0,                   0,            0.030844,           0.0052298,           0.0052298
                   3,            0.021989,            0.021465,             0.15438,                   0,                   0,                   0,                   0,                   0,                   0,                   0,           0.0062368,            0.006115,            0.006115
                   4,             0.02081,            0.020958,             0.15402,                   0,                   0,                   0,                   0,                   0,                   0,                   0,            0.005263,            0.005263,            0.005263
                   5,            0.019828,            0.020591,             0.15419,                   0,                   0,                   0,                   0,                   0,                   0,                   0,            0.005263,            0.005263,            0.005263
                   6,            0.018875,            0.019864,             0.15367,                   0,                   0,                   0,                   0,                   0,                   0,                   0,           0.0044038,           0.0044038,           0.0044038
                   7,            0.017995,            0.019555,             0.15275,                   0,                   0,                   0,                   0,                   0,                   0,                   0,           0.0035445,           0.0035445,           0.0035445
                   8,            0.017294,            0.019226,              0.1521,                   0,                   0,                   0,                   0,                   0,                   0,                   0,           0.0026853,           0.0026853,           0.0026853
                   9,            0.016725,             0.01883,              0.1519,             0.34769,            0.085359,            0.053268,            0.031202,            0.016043,            0.013061,             0.15017,            0.001826,            0.001826,            0.001826
                   0,            0.031709,            0.023675,             0.15864,                   0,                   0,                   0,                   0,                   0,                   0,                   0,            0.073903,           0.0021377,           0.0021377
                   1,            0.025677,            0.022558,             0.15439,                   0,                   0,                   0,                   0,                   0,                   0,                   0,            0.051541,           0.0038533,           0.0038533
                   2,            0.023144,            0.021634,             0.15093,                   0,                   0,                   0,                   0,                   0,                   0,                   0,            0.028757,           0.0051464,           0.0051464
                   3,            0.021534,            0.021077,             0.14788,                   0,                   0,                   0,                   0,                   0,                   0,                   0,           0.0059881,           0.0059881,           0.0059881
                   4,            0.020463,            0.020405,             0.14661,                   0,                   0,                   0,                   0,                   0,                   0,                   0,           0.0059881,           0.0059881,           0.0059881
                   5,            0.019381,            0.019825,             0.14476,                   0,                   0,                   0,                   0,                   0,                   0,                   0,           0.0051474,           0.0051474,           0.0051474
                   6,            0.018131,            0.019582,               0.144,                   0,                   0,                   0,                   0,                   0,                   0,                   0,           0.0043068,           0.0043068,           0.0043068
                   7,            0.017298,            0.019264,             0.14202,                   0,                   0,                   0,                   0,                   0,                   0,                   0,           0.0034661,           0.0034661,           0.0034661
                   8,            0.016804,            0.018882,               0.141,                   0,                   0,                   0,                   0,                   0,                   0,                   0,           0.0026255,           0.0026255,           0.0026255
